{
    "loss": 0.6643311977386475,
    "accuracy": 0.8793103694915771
}