{
    "loss": 1.4780137538909912,
    "accuracy": 0.8362069129943848
}